Date,Open,High,Low,Close,Volume,Change
2015-11-06,49500,51500,46100,48100,2404916,
2015-11-09,48700,49150,44450,45000,351566,-0.0644490644490644
2015-11-10,44000,46800,42750,42750,261417,-0.050000000000000044
2015-11-11,43300,45750,43000,44700,276432,0.04561403508771922
2015-11-12,45600,46400,44650,45700,158760,0.02237136465324374
2015-11-13,44900,45450,43600,44050,78358,-0.03610503282275712
2015-11-16,42300,43400,40900,42100,162720,-0.04426787741203175
2015-11-17,42700,42700,39050,42000,193625,-0.002375296912114022
2015-11-18,42000,42450,41050,41050,51385,-0.02261904761904765
2015-11-19,41050,41700,39750,40300,134253,-0.018270401948842885
2015-11-20,40300,40400,39700,39850,57577,-0.011166253101737023
2015-11-23,39750,39750,37250,37850,261757,-0.050188205771643624
2015-11-24,37850,39050,37000,38800,172750,0.025099075297225992
2015-11-25,38250,38850,37650,38500,95445,-0.0077319587628865705
2015-11-26,38650,39450,38000,39300,87142,0.020779220779220786
2015-11-27,39700,41000,39350,40750,121138,0.03689567430025442
2015-11-30,40200,41200,40000,40950,78215,0.004907975460122671
2015-12-01,40950,40950,39950,40150,67909,-0.019536019536019578
2015-12-02,40050,40150,38450,40150,141335,0.0
2015-12-03,39950,39950,39150,39200,26855,-0.023661270236612686
2015-12-04,39000,39350,38300,38900,16220,-0.007653061224489832
2015-12-07,37000,38050,36550,37250,333592,-0.042416452442159414
2015-12-08,37850,38300,37550,37850,102783,0.016107382550335503
2015-12-09,37300,38400,37250,38050,37434,0.005284015852047519
2015-12-10,37800,38350,37550,38000,42732,-0.0013140604467805073
2015-12-11,37600,40000,37600,39850,215527,0.048684210526315885
2015-12-14,39000,41650,39000,40550,177237,0.017565872020075313
2015-12-15,40550,41000,38850,39250,57834,-0.03205918618988901
2015-12-16,39950,39950,37800,39250,74056,0.0
2015-12-17,40500,41000,39600,40850,132353,0.040764331210191074
2015-12-18,41000,41900,40850,41900,147271,0.025703794369644983
2015-12-21,41350,42800,41350,42800,64958,0.021479713603818507
2015-12-22,43000,43000,41400,41500,60047,-0.030373831775700966
2015-12-23,42100,42100,40100,40500,69234,-0.02409638554216864
2015-12-24,40000,40450,39200,39650,96464,-0.020987654320987703
2015-12-28,40150,40500,38000,40000,84600,0.008827238335435084
2015-12-29,39800,39800,38700,39000,40343,-0.025000000000000022
2015-12-30,39250,40200,38500,40100,45069,0.028205128205128105
2016-01-04,39250,40900,38650,40900,54353,0.01995012468827939
2016-01-05,40150,40950,40050,40250,19571,-0.0158924205378973
2016-01-06,40250,40250,39150,39250,41047,-0.024844720496894457
2016-01-07,39800,39800,37500,37500,75068,-0.04458598726114649
2016-01-08,36950,39000,36750,38200,36127,0.01866666666666661
2016-01-11,38000,38750,37500,38300,23090,0.002617801047120505
2016-01-12,37650,38250,36000,37450,89327,-0.022193211488250708
2016-01-13,37600,37750,36700,36900,84164,-0.014686248331108098
2016-01-14,36900,37300,36200,37150,62528,0.006775067750677488
2016-01-15,37200,37400,35600,35950,52273,-0.032301480484522194
2016-01-18,35300,35600,34800,35100,23373,-0.02364394993045893
2016-01-19,34450,34700,31400,32200,200386,-0.08262108262108259
2016-01-20,31300,32200,29200,29200,338758,-0.09316770186335399
2016-01-21,30000,31750,29300,30950,267883,0.05993150684931514
2016-01-22,31600,32450,30700,31300,112224,0.011308562197092087
2016-01-25,30800,32750,30800,31750,101675,0.01437699680511173
2016-01-26,32700,33100,31800,32200,76626,0.014173228346456623
2016-01-27,32500,33000,32000,32800,47853,0.01863354037267073
2016-01-28,32100,32650,31500,31750,81382,-0.03201219512195119
2016-01-29,31750,31750,30600,30700,79326,-0.03307086614173227
2016-02-01,30950,31300,29700,30850,84389,0.004885993485342022
2016-02-02,30100,32000,30100,31750,66933,0.029173419773095732
2016-02-03,31750,32800,30650,31200,81781,-0.017322834645669305
2016-02-04,29300,30500,28700,30500,675401,-0.022435897435897467
2016-02-05,30450,32100,29900,31600,192232,0.0360655737704918
2016-02-11,31100,32200,29400,32200,135857,0.018987341772152
2016-02-12,31600,32600,30200,31250,166657,-0.029503105590062084
2016-02-15,30750,32200,30750,31900,63517,0.02079999999999993
2016-02-16,31950,32800,30400,32600,189209,0.021943573667711602
2016-02-17,33200,34000,31800,33500,238539,0.027607361963190247
2016-02-18,33800,34550,33650,34250,135063,0.02238805970149249
2016-02-19,34500,34500,33600,34100,72924,-0.004379562043795637
2016-02-22,34400,34500,33900,34300,77827,0.0058651026392961825
2016-02-23,34500,34650,32650,33000,98577,-0.03790087463556846
2016-02-24,33600,33600,32400,32750,41631,-0.007575757575757569
2016-02-25,33000,33150,32200,32500,40013,-0.007633587786259555
2016-02-26,32500,32900,32300,32650,35713,0.004615384615384688
2016-02-29,32350,33400,32300,33300,45247,0.019908116385911168
2016-03-02,33100,33750,32900,33100,63964,-0.006006006006005982
2016-03-03,33250,35400,33150,34950,163297,0.0558912386706949
2016-03-04,34450,36000,34450,35600,89455,0.01859799713876975
2016-03-07,36500,36500,34800,35800,110682,0.00561797752808979
2016-03-08,36200,36200,34800,35300,53669,-0.013966480446927387
2016-03-09,34850,37250,34850,37150,141089,0.05240793201133154
2016-03-10,37150,38000,36750,38000,105804,0.02288021534320328
2016-03-11,37900,39150,37500,39150,103252,0.03026315789473677
2016-03-14,39450,39500,37650,38000,70004,-0.02937420178799488
2016-03-15,37650,38250,36650,37150,59526,-0.022368421052631593
2016-03-16,37150,37850,36950,37300,36047,0.004037685060565233
2016-03-17,37800,37800,36350,36900,64433,-0.01072386058981234
2016-03-18,36900,37700,36150,37700,76073,0.021680216802167918
2016-03-21,37900,37900,36250,37000,106424,-0.018567639257294433
2016-03-22,37000,37000,35900,36850,83600,-0.004054054054054013
2016-03-23,36550,38200,36400,38000,86762,0.031207598371777445
2016-03-24,37900,38500,37050,38000,98927,0.0
2016-03-25,38500,38500,37200,37500,69945,-0.013157894736842146
2016-03-28,37600,37750,36150,37000,71543,-0.013333333333333308
2016-03-29,36600,37050,35900,36300,137952,-0.018918918918918948
2016-03-30,36350,36550,35600,36000,72658,-0.008264462809917328
2016-03-31,36200,36900,35550,35550,118976,-0.012499999999999956
2016-04-01,35400,36100,34100,34900,164551,-0.01828410689170179
2016-04-04,35150,35700,35100,35500,60309,0.017191977077363862
2016-04-05,35500,35500,34300,35050,116649,-0.012676056338028152
2016-04-06,35050,35050,33650,34500,171766,-0.015691868758915817
2016-04-07,34300,35050,33900,35050,128456,0.01594202898550723
2016-04-08,35000,35050,33950,35000,78469,-0.0014265335235378318
2016-04-11,35100,36700,35000,36500,140867,0.04285714285714293
2016-04-12,36650,37200,35950,36600,81813,0.00273972602739736
2016-04-14,37000,37050,36000,36900,87641,0.008196721311475308
2016-04-15,36500,36950,35700,35900,102591,-0.027100271002710064
2016-04-18,35400,35550,34550,35400,81677,-0.013927576601671321
2016-04-19,35050,35650,34900,35250,90527,-0.004237288135593209
2016-04-20,35200,35300,34250,34750,134471,-0.014184397163120588
2016-04-21,34400,35200,33500,33850,232843,-0.025899280575539585
2016-04-22,33950,34550,33750,34550,113193,0.02067946824224509
2016-04-25,34050,34950,34050,34850,75265,0.00868306801736618
2016-04-26,35000,35000,34450,34800,36512,-0.0014347202295552641
2016-04-27,34350,34750,34150,34300,55216,-0.014367816091954033
2016-04-28,34300,34750,34200,34600,61393,0.008746355685131268
2016-04-29,34250,34450,33800,34000,53629,-0.017341040462427793
2016-05-02,33850,33900,32350,32500,98107,-0.044117647058823484
2016-05-03,32850,32950,31600,32200,92102,-0.009230769230769265
2016-05-04,32100,32550,31250,31650,70027,-0.017080745341614856
2016-05-09,31500,31700,30550,30700,77149,-0.03001579778830965
2016-05-10,30550,32200,30550,32200,123384,0.04885993485342022
2016-05-11,32200,32250,31600,31950,64147,-0.00776397515527949
2016-05-12,31900,32150,31400,32000,34534,0.0015649452269170805
2016-05-13,32000,34150,31750,34000,179163,0.0625
2016-05-16,34200,35300,34200,34550,133315,0.016176470588235237
2016-05-17,35100,35100,33600,34850,94822,0.00868306801736618
2016-05-18,34700,34750,33700,34450,77272,-0.011477761836441891
2016-05-19,34450,34450,32800,32850,79382,-0.046444121915820036
2016-05-20,32150,33400,32150,33200,56298,0.010654490106544845
2016-05-23,33000,33350,32350,32500,30797,-0.02108433734939763
2016-05-24,32750,32850,31900,32000,40909,-0.01538461538461533
2016-05-25,32300,32750,32100,32350,34998,0.010937500000000044
2016-05-26,31850,32350,31800,32100,42405,-0.007727975270479082
2016-05-27,32100,32900,31850,32900,52687,0.024922118380062308
2016-05-30,32700,33100,32150,32300,41898,-0.018237082066869248
2016-05-31,32300,32650,32150,32600,92948,0.009287925696594534
2016-06-01,32450,32500,32000,32100,51860,-0.015337423312883458
2016-06-02,32000,32150,31550,31650,46066,-0.014018691588784993
2016-06-03,31650,31650,31250,31350,31878,-0.009478672985781977
2016-06-07,31600,31750,31300,31500,53112,0.004784688995215225
2016-06-08,31700,31700,31100,31200,51589,-0.00952380952380949
2016-06-09,31100,32000,31100,32000,65700,0.02564102564102555
2016-06-10,31900,32400,31600,32200,62483,0.006250000000000089
2016-06-13,32200,32200,31500,31550,38095,-0.02018633540372672
2016-06-14,31550,31550,30900,31400,49406,-0.004754358161648153
2016-06-15,31250,31300,30700,30850,52647,-0.017515923566879033
2016-06-16,30900,31450,30900,31400,63376,0.017828200972447306
2016-06-17,31400,33300,31400,33150,161983,0.05573248407643305
2016-06-20,33200,33800,32350,33450,133816,0.009049773755656076
2016-06-21,33600,33950,33100,33350,54000,-0.002989536621823663
2016-06-22,33400,34000,33000,33650,96769,0.008995502248875464
2016-06-23,33750,33900,32500,33400,57929,-0.007429420505200568
2016-06-24,33400,33400,31150,32550,105209,-0.025449101796407136
2016-06-27,31300,32000,31300,31850,90934,-0.021505376344086002
2016-06-28,31500,31750,31400,31400,59660,-0.014128728414442682
2016-06-29,31700,31850,31250,31500,124280,0.0031847133757962887
2016-06-30,31700,32000,31600,31600,42103,0.0031746031746031633
2016-07-01,31650,31750,31450,31550,43571,-0.0015822784810126667
2016-07-04,31500,31600,31150,31500,73550,-0.0015847860538826808
2016-07-05,31700,31700,31250,31350,59853,-0.004761904761904745
2016-07-06,31250,31450,30550,30750,95579,-0.019138755980861233
2016-07-07,31000,31050,30750,31050,44452,0.009756097560975618
2016-07-08,31200,31300,30500,30800,44774,-0.008051529790660261
2016-07-11,30800,30800,30300,30400,67635,-0.012987012987012991
2016-07-12,30550,30700,29650,29700,195059,-0.023026315789473673
2016-07-13,30000,30450,29800,30300,65489,0.02020202020202011
2016-07-14,30300,30300,29900,30000,44314,-0.00990099009900991
2016-07-15,30200,30500,30100,30400,67241,0.01333333333333342
2016-07-18,30600,30600,30000,30350,58062,-0.00164473684210531
2016-07-19,30600,30600,30000,30100,49960,-0.008237232289950547
2016-07-20,30250,30350,29900,30150,44767,0.0016611295681063787
2016-07-21,30350,30450,30000,30000,57662,-0.00497512437810943
2016-07-22,30050,30050,29500,29600,99922,-0.013333333333333308
2016-07-25,29800,29800,29350,29400,68811,-0.006756756756756799
2016-07-26,29450,29500,29150,29200,42137,-0.006802721088435382
2016-07-27,29150,29950,29150,29850,58091,0.022260273972602773
2016-07-28,30100,31200,29950,31150,165477,0.04355108877721947
2016-07-29,31250,31600,30800,31200,103278,0.0016051364365972098
2016-08-01,31350,32900,31350,32700,318554,0.04807692307692313
2016-08-02,32850,36150,32800,35500,587841,0.08562691131498479
2016-08-03,35300,35750,34800,35550,200313,0.0014084507042253502
2016-08-04,35050,35300,34600,35200,108963,-0.009845288326300938
2016-08-05,35000,35200,33900,34000,150259,-0.03409090909090906
2016-08-08,34250,35000,33500,34400,133696,0.0117647058823529
2016-08-09,34500,35300,34150,35100,128212,0.02034883720930236
2016-08-10,35300,37000,35250,36900,329445,0.05128205128205132
2016-08-11,36900,37300,36500,37200,181029,0.008130081300812941
2016-08-12,37000,37300,36200,36850,174622,-0.009408602150537626
2016-08-16,36850,37350,36100,37100,117687,0.006784260515603879
2016-08-17,36500,36800,33950,34450,435183,-0.0714285714285714
2016-08-18,34450,35400,33850,33850,139350,-0.01741654571843254
2016-08-19,33850,34250,32900,34100,88032,0.007385524372230501
2016-08-22,33600,33650,30500,30850,348228,-0.09530791788856308
2016-08-23,31200,31200,30250,30850,162546,0.0
2016-08-24,30850,31250,30200,31000,93519,0.004862236628849326
2016-08-25,31200,31450,30650,30700,46891,-0.009677419354838679
2016-08-26,31050,31050,30500,30900,39206,0.006514657980456029
2016-08-29,30900,30900,30000,30000,92702,-0.029126213592232997
2016-08-30,30050,30950,30050,30200,77790,0.006666666666666599
2016-08-31,30200,30600,29650,30000,82586,-0.0066225165562914245
2016-09-01,30300,30300,29650,29850,98386,-0.0050000000000000044
2016-09-02,30200,33100,29950,32400,397323,0.085427135678392
2016-09-05,32050,32400,30950,31700,258699,-0.021604938271604923
2016-09-06,31700,31700,30650,30700,128989,-0.03154574132492116
2016-09-07,30900,30950,30250,30400,101939,-0.009771986970684043
2016-09-08,30450,31300,30450,31200,132882,0.026315789473684292
2016-09-09,30700,30850,30550,30650,45741,-0.017628205128205177
2016-09-12,30250,30450,30000,30150,60000,-0.01631321370309946
2016-09-13,30350,30400,29950,30100,55950,-0.0016583747927031434
2016-09-19,30450,30850,30050,30850,50612,0.024916943521594792
2016-09-20,30800,31000,30400,30600,29329,-0.008103727714748765
2016-09-21,30500,31200,30200,31000,41258,0.013071895424836555
2016-09-22,31200,31350,30800,31100,45582,0.003225806451612856
2016-09-23,31300,33700,31300,33300,361438,0.07073954983922826
2016-09-26,33450,33500,32350,32750,93804,-0.016516516516516533
2016-09-27,32600,33500,32100,33250,92856,0.01526717557251911
2016-09-28,33600,33650,33000,33500,77627,0.007518796992481258
2016-09-29,33200,33200,32000,32800,185847,-0.020895522388059695
2016-09-30,32200,32900,32200,32400,51095,-0.012195121951219523
2016-10-04,32100,32550,31300,31500,87704,-0.02777777777777779
2016-10-05,31450,31450,31000,31200,51841,-0.00952380952380949
2016-10-06,31200,31350,30400,30500,148448,-0.022435897435897467
2016-10-07,30500,31150,30300,30600,76666,0.003278688524590123
2016-10-10,30700,31600,30700,31150,79532,0.017973856209150263
2016-10-11,31200,31500,30550,30700,108573,-0.014446227929374
2016-10-12,30800,31600,30600,31250,66773,0.01791530944625408
2016-10-13,31300,31400,30800,31400,37598,0.0047999999999999154
2016-10-14,31550,31550,30850,31000,34468,-0.01273885350318471
2016-10-17,30600,31050,30600,31000,31439,0.0
2016-10-18,31200,31300,30600,31000,47659,0.0
2016-10-19,31000,31000,30500,30700,32519,-0.009677419354838679
2016-10-20,31000,31400,30550,30750,90652,0.0016286644951140072
2016-10-21,30700,31950,30600,31950,98610,0.039024390243902474
2016-10-24,31800,31800,31150,31500,77383,-0.014084507042253502
2016-10-25,31600,31950,31300,31650,93128,0.004761904761904745
2016-10-26,31650,31650,30700,30900,54906,-0.023696682464455
2016-10-27,31000,31250,30800,31200,56242,0.009708737864077666
2016-10-28,31200,31200,30600,31100,65660,-0.0032051282051281937
2016-10-31,31050,31200,30450,30500,46929,-0.019292604501607746
2016-11-01,30500,30950,30500,30900,50953,0.013114754098360715
2016-11-02,30600,30800,30350,30400,50923,-0.016181229773462813
2016-11-03,29850,30800,29850,30400,59007,0.0
2016-11-04,30400,30750,30050,30750,42342,0.011513157894736947
2016-11-07,30750,30950,30350,30600,34965,-0.004878048780487809
2016-11-08,30850,30950,30150,30400,78278,-0.006535947712418277
2016-11-09,30550,30650,28650,29700,170648,-0.023026315789473673
2016-11-10,30300,30350,29600,29950,96676,0.008417508417508435
2016-11-11,30000,30000,29000,29200,103067,-0.025041736227045086
2016-11-14,28900,29850,28900,29700,94126,0.017123287671232834
2016-11-15,30100,30450,29300,29300,200814,-0.013468013468013518
2016-11-16,29450,29600,29100,29450,174723,0.005119453924914641
2016-11-17,29500,29500,29000,29000,130245,-0.015280135823429575
2016-11-18,29000,29500,28800,29000,128298,0.0
2016-11-21,29200,29200,28250,28450,111975,-0.018965517241379293
2016-11-22,28150,28500,27350,28000,229890,-0.01581722319859402
2016-11-23,28000,28500,27600,27800,105768,-0.0071428571428571175
2016-11-24,27600,28100,27100,27700,140207,-0.003597122302158251
2016-11-25,27750,27950,27000,27800,88919,0.0036101083032491488
2016-11-28,27950,27950,27250,27500,76036,-0.010791366906474864
2016-11-29,27500,27800,27350,27650,79858,0.005454545454545379
2016-11-30,27650,27950,27500,27800,69719,0.005424954792043302
2016-12-01,27500,27600,26450,26500,195055,-0.046762589928057596
2016-12-02,26500,26850,26100,26650,64020,0.005660377358490676
2016-12-05,26600,26600,25600,25650,100133,-0.03752345215759845
2016-12-06,25600,25800,24950,25700,126483,0.0019493177387914784
2016-12-07,25700,25800,25000,25150,92927,-0.021400778210116767
2016-12-08,25250,25600,24800,25250,117414,0.003976143141153132
2016-12-09,25100,25500,25050,25300,88330,0.001980198019801982
2016-12-12,25550,26100,25300,26000,96457,0.027667984189723382
2016-12-13,26050,26100,25600,25900,85193,-0.0038461538461538325
2016-12-14,26150,26450,26100,26250,65452,0.013513513513513598
2016-12-15,26150,26900,26050,26700,98518,0.017142857142857126
2016-12-16,26950,26950,26500,26650,63708,-0.0018726591760299671
2016-12-19,26400,26750,26200,26650,48367,0.0
2016-12-20,26800,27000,26550,26800,57464,0.0056285178236397115
2016-12-21,26900,27150,26700,26800,39954,0.0
2016-12-22,27000,27000,26100,26150,54124,-0.02425373134328357
2016-12-23,26300,26350,25750,25950,49582,-0.007648183556405397
2016-12-26,25950,26000,25700,25750,35627,-0.0077071290944122905
2016-12-27,25750,26100,25700,26000,29417,0.009708737864077666
2016-12-28,26000,26100,25300,25700,50024,-0.011538461538461497
2016-12-29,25700,25750,25050,25100,65709,-0.023346303501945553
2017-01-02,24800,24950,24350,24350,124161,-0.029880478087649376
2017-01-03,24550,24700,24100,24300,117189,-0.002053388090349051
2017-01-04,24400,24750,24300,24450,97631,0.006172839506172867
2017-01-05,24550,25000,24400,24850,99928,0.01635991820040905
2017-01-06,24850,24900,24350,24500,124263,-0.014084507042253502
2017-01-09,24550,24650,24200,24300,91430,-0.008163265306122436
2017-01-10,24350,24450,24100,24400,96871,0.004115226337448652
2017-01-11,24450,24500,24200,24400,78715,0.0
2017-01-12,24250,25000,24250,24800,164253,0.016393442622950838
2017-01-13,24750,25100,24600,24950,129287,0.006048387096774244
2017-01-16,25100,25500,24900,25400,134820,0.018036072144288484
2017-01-17,25550,26550,25500,26450,162762,0.04133858267716528
2017-01-18,26450,26900,26000,26600,110255,0.005671077504725952
2017-01-19,26650,26900,26400,26650,83739,0.001879699248120259
2017-01-20,26800,26850,26200,26650,85617,0.0
2017-01-23,26600,26700,25900,26500,57950,-0.0056285178236398226
2017-01-24,26250,26350,25550,25700,90022,-0.030188679245283012
2017-01-25,25800,25800,25300,25550,69331,-0.005836575875486361
2017-01-26,25500,25850,25500,25700,40235,0.005870841487279899
2017-01-31,25700,25800,25350,25450,46996,-0.009727626459143934
2017-02-01,25450,25750,25350,25750,39798,0.011787819253438192
2017-02-02,25750,26550,25550,26150,96122,0.01553398058252431
2017-02-03,26250,26500,25650,25900,72414,-0.009560229445506718
2017-02-06,25900,26050,25600,26000,77238,0.0038610038610038533
2017-02-07,26100,26750,25800,26700,91767,0.026923076923076827
2017-02-08,26800,26850,26400,26650,65447,-0.0018726591760299671
2017-02-09,26600,27000,26500,27000,79708,0.013133208255159401
2017-02-10,27000,27100,26800,26850,66876,-0.005555555555555536
2017-02-13,26950,26950,26450,26700,85565,-0.005586592178770999
2017-02-14,27000,27600,26550,27450,101954,0.028089887640449396
2017-02-15,27250,27700,27050,27500,120979,0.0018214936247722413
2017-02-16,27500,27500,26750,26850,82962,-0.023636363636363678
2017-02-17,26950,27450,26200,26800,159577,-0.0018621973929237035
2017-02-20,26500,26600,26150,26450,89290,-0.013059701492537323
2017-02-21,26450,26850,26350,26800,74551,0.013232514177693666
2017-02-22,26500,26900,26400,26750,105469,-0.001865671641791078
2017-02-23,26750,27750,26700,27350,180276,0.02242990654205612
2017-02-24,27450,27500,26950,27000,79920,-0.012797074954296161
2017-02-27,27250,27300,26850,26900,69422,-0.0037037037037036535
2017-02-28,26900,27200,26500,27150,87635,0.009293680297397744
2017-03-02,27250,27250,26600,26850,70401,-0.011049723756906049
2017-03-03,26350,26450,25150,25500,145742,-0.05027932960893855
2017-03-06,24900,25750,24750,25600,61447,0.0039215686274509665
2017-03-07,25500,25700,25250,25500,42316,-0.00390625
2017-03-08,25400,25450,25100,25250,43264,-0.009803921568627416
2017-03-09,25300,25950,25300,25650,37992,0.015841584158415856
2017-03-10,25500,26350,25500,26200,64837,0.021442495126705596
2017-03-13,26400,27150,26200,27050,137364,0.03244274809160297
2017-03-14,27150,27650,26750,26750,118853,-0.011090573012939031
2017-03-15,26750,26900,25850,25950,101452,-0.029906542056074792
2017-03-16,25950,26500,25700,26400,133401,0.01734104046242768
2017-03-17,26450,28300,25850,28100,384084,0.06439393939393945
2017-03-20,28250,29150,28100,28700,245665,0.021352313167259718
2017-03-21,28700,29200,28300,28450,114493,-0.008710801393728262
2017-03-22,28650,28850,27950,28550,81569,0.0035149384885764245
2017-03-23,28900,29750,28550,29700,206277,0.04028021015761829
2017-03-24,29850,29950,29250,29850,112561,0.005050505050504972
2017-03-27,29800,30150,29250,29750,79899,-0.00335008375209378
2017-03-28,29950,29950,28700,29700,137244,-0.001680672268907557
2017-03-29,29650,30100,29450,29800,88263,0.0033670033670034627
2017-03-30,29800,30350,29500,30050,107311,0.008389261744966348
2017-03-31,30150,30500,29600,29800,57158,-0.008319467554076532
2017-04-03,29750,30400,29550,30000,59462,0.006711409395973256
2017-04-04,30000,30600,30000,30550,79919,0.018333333333333313
2017-04-05,30400,30700,29950,30550,69151,0.0
2017-04-06,30600,31250,30000,31100,114854,0.018003273322422242
2017-04-07,31200,31750,31150,31650,82831,0.01768488745980701
2017-04-10,31900,31950,30500,31000,88025,-0.020537124802527673
2017-04-11,31000,32000,31000,32000,142986,0.032258064516129004
2017-04-12,31950,32550,31500,32550,122227,0.01718749999999991
2017-04-13,32300,32500,31250,31300,112908,-0.03840245775729645
2017-04-14,31300,31700,30450,31400,91666,0.0031948881789136685
2017-04-17,31600,31850,31200,31600,42098,0.006369426751592355
2017-04-18,31250,31600,31000,31150,43878,-0.014240506329113889
2017-04-19,30850,31500,30850,30950,40679,-0.006420545746388395
2017-04-20,31350,31800,31100,31650,88485,0.022617124394184174
2017-04-21,31650,32000,31200,31550,80462,-0.003159557661927326
2017-04-24,31750,32450,31750,32300,93682,0.023771790808240878
2017-04-25,32300,32650,31950,32350,69673,0.001547987616099089
2017-04-26,32600,33600,31450,32100,201206,-0.007727975270479082
2017-04-27,32400,32400,31350,32150,152696,0.0015576323987538387
2017-04-28,32150,32500,31850,32400,94488,0.007776049766718529
2017-05-02,32500,32800,32450,32550,72136,0.004629629629629539
2017-05-04,32750,33350,32600,33250,110036,0.021505376344086002
2017-05-08,33500,33550,33000,33150,54273,-0.003007518796992459
2017-05-10,33150,33350,32700,33000,92924,-0.004524886877828038
2017-05-11,33000,33400,32500,33000,64006,0.0
2017-05-12,33000,33300,32750,33300,65686,0.009090909090909038
2017-05-15,33350,33350,32350,32650,86887,-0.019519519519519468
2017-05-16,32650,32750,32100,32700,84994,0.0015313935681469104
2017-05-17,32350,32600,32200,32600,43546,-0.003058103975535187
2017-05-18,32100,32900,32100,32900,51799,0.009202453987730008
2017-05-19,33000,33000,32550,32650,39648,-0.0075987841945288626
2017-05-22,32800,33400,32050,33300,113210,0.019908116385911168
2017-05-23,33100,33700,33100,33500,133041,0.006006006006006093
2017-05-24,33800,34950,33750,34950,183609,0.0432835820895523
2017-05-25,35000,35300,33500,35000,123707,0.0014306151645206988
2017-05-26,35400,36400,35350,36350,160530,0.03857142857142848
2017-05-29,36200,36300,35700,35900,91852,-0.012379642365887178
2017-05-30,36000,36750,35950,36600,83690,0.01949860724233976
2017-05-31,36600,36900,35950,36600,87409,0.0
2017-06-01,36250,36500,35550,35750,65018,-0.023224043715846965
2017-06-02,35750,36650,35750,36450,37430,0.019580419580419672
2017-06-05,36300,36850,36050,36500,48564,0.00137174211248281
2017-06-07,36600,37650,36550,37500,129975,0.027397260273972712
2017-06-08,38000,39000,37950,38100,188621,0.016000000000000014
2017-06-09,36500,38050,36200,38050,1615777,-0.001312335958005284
2017-06-12,37800,37800,36350,36500,246143,-0.04073587385019706
2017-06-13,37000,38250,36900,37350,195958,0.023287671232876672
2017-06-14,38150,38500,37650,38100,171047,0.02008032128514059
2017-06-15,38500,39650,38300,39000,268386,0.023622047244094446
2017-06-16,39000,39500,37000,39250,119190,0.0064102564102563875
2017-06-19,39250,39600,38500,39400,140769,0.003821656050955413
2017-06-20,39900,39900,39250,39500,98336,0.002538071065989911
2017-06-21,39550,39850,37900,39750,146551,0.006329113924050667
2017-06-22,39750,40250,39500,39900,152574,0.0037735849056603765
2017-06-23,40000,40500,39450,39600,83409,-0.007518796992481258
2017-06-26,39650,39750,38000,38750,122749,-0.02146464646464652
2017-06-27,39250,39900,39050,39900,88451,0.029677419354838808
2017-06-28,40000,40200,39000,39200,87505,-0.01754385964912286
2017-06-29,39400,39650,38800,39000,74967,-0.005102040816326481
2017-06-30,38950,39100,38350,38850,96801,-0.0038461538461538325
2017-07-03,39200,39300,37650,38850,127771,0.0
2017-07-04,38550,38550,36800,36800,217817,-0.052767052767052736
2017-07-05,36800,37300,36750,36900,122876,0.0027173913043478937
2017-07-06,37350,37900,36950,37500,105587,0.016260162601626105
2017-07-07,37900,38950,37450,38350,139118,0.022666666666666613
2017-07-10,38650,38700,37350,37950,75033,-0.010430247718383301
2017-07-11,38000,38650,37950,38350,85421,0.010540184453228019
2017-07-12,38500,38900,37750,38650,74898,0.007822685788787531
2017-07-13,38800,39150,38000,38000,105761,-0.01681759379042691
2017-07-14,38000,38300,37100,37500,88852,-0.013157894736842146
2017-07-17,37500,37950,37350,37550,46216,0.0013333333333334085
2017-07-18,37600,38350,37600,38100,64037,0.01464713715046595
2017-07-19,38500,38500,37600,38300,72841,0.005249343832020914
2017-07-20,38700,38700,37800,38050,74054,-0.00652741514360311
2017-07-21,38300,38300,37500,38050,70369,0.0
2017-07-24,38300,38350,38050,38250,68987,0.005256241787122251
2017-07-25,38500,38750,37700,38000,93549,-0.006535947712418277
2017-07-26,37950,37950,36150,36600,153718,-0.0368421052631579
2017-07-27,36500,37350,35950,37100,76376,0.013661202185792254
2017-07-28,37100,37200,36200,36500,57149,-0.016172506738544423
2017-07-31,36050,36600,35700,35800,67841,-0.019178082191780854
2017-08-01,35750,37150,35750,36900,87379,0.030726256983240274
2017-08-02,37000,38200,36950,37850,69932,0.0257452574525745
2017-08-03,38450,38500,36650,36750,169350,-0.029062087186261576
2017-08-04,37900,38750,37400,37850,255155,0.029931972789115635
2017-08-07,38200,38250,37600,37850,89789,0.0
2017-08-08,38000,39550,38000,39500,341678,0.04359313077939242
2017-08-09,39350,39950,38900,39200,150200,-0.0075949367088608
2017-08-10,39000,39400,37750,39100,91761,-0.0025510204081632404
2017-08-11,38500,38850,37600,38250,95441,-0.021739130434782594
2017-08-14,38400,38700,37600,38050,67804,-0.005228758169934622
2017-08-16,38000,38850,38000,38250,65816,0.005256241787122251
2017-08-17,38250,38850,37600,38850,88393,0.015686274509803866
2017-08-18,38500,39000,37750,38550,78381,-0.007722007722007707
2017-08-21,38550,38900,37500,38750,145537,0.005188067444876765
2017-08-22,38800,38950,38000,38250,89547,-0.012903225806451646
2017-08-23,38450,39000,38400,39000,74969,0.019607843137254832
2017-08-24,39100,39700,38550,38700,78704,-0.007692307692307665
2017-08-25,38850,38950,38250,38450,42203,-0.006459948320413411
2017-08-28,38500,38700,37900,38000,49892,-0.011703511053316018
2017-08-29,37850,38100,37500,37950,59380,-0.001315789473684159
2017-08-30,38000,38050,37550,38050,56279,0.0026350461133068936
2017-08-31,37700,38000,37300,37300,72728,-0.019710906701708275
2017-09-01,37300,37950,37300,37700,73046,0.01072386058981234
2017-09-04,36400,37450,36400,36700,64770,-0.02652519893899208
2017-09-05,36950,37700,36850,37650,71755,0.02588555858310637
2017-09-06,37500,38400,37050,38400,74238,0.019920318725099584
2017-09-07,38300,38750,37950,38400,58804,0.0
2017-09-08,38400,38850,38250,38700,52385,0.0078125
2017-09-11,38700,39250,38500,38650,45755,-0.0012919896640827266
2017-09-12,38750,38750,38050,38100,62567,-0.014230271668822736
2017-09-13,38250,38700,37500,38600,58084,0.013123359580052396
2017-09-14,38700,38800,37850,37850,51390,-0.01943005181347146
2017-09-15,37050,38300,37050,38150,44431,0.00792602377807139
2017-09-18,38150,38150,37450,37900,39931,-0.006553079947575369
2017-09-19,37500,37900,37250,37550,49202,-0.00923482849604218
2017-09-20,37600,37700,37100,37150,48267,-0.010652463382157085
2017-09-21,37150,37200,36250,36350,57899,-0.021534320323014833
2017-09-22,36050,36350,35400,35450,59407,-0.024759284731774467
2017-09-25,35450,35850,34400,35250,70465,-0.005641748942172065
2017-09-26,34300,36400,34300,36400,66307,0.03262411347517724
2017-09-27,36550,36550,35600,35950,27676,-0.012362637362637319
2017-09-28,36350,36350,34850,35000,61901,-0.026425591098748313
2017-09-29,35050,36000,35050,36000,58124,0.02857142857142847
2017-10-10,36000,36550,35700,35750,69107,-0.00694444444444442
2017-10-11,35550,36000,35150,35250,46608,-0.013986013986013957
2017-10-12,35700,35700,34950,35050,35670,-0.005673758865248235
2017-10-13,34900,35700,34200,34850,94060,-0.005706134094151216
2017-10-16,35200,35250,34400,34600,71113,-0.00717360114777621
2017-10-17,34900,34950,34200,34200,48480,-0.011560693641618491
2017-10-18,34300,34650,33900,34150,56883,-0.0014619883040936088
2017-10-19,34050,34600,33950,34600,38701,0.013177159590043841
2017-10-20,34450,34500,33350,33700,127922,-0.026011560693641633
2017-10-23,33700,33750,32800,33650,87977,-0.0014836795252225476
2017-10-24,33600,33850,33100,33600,55786,-0.0014858841010401136
2017-10-25,33800,34200,33500,33600,74983,0.0
2017-10-26,33600,35000,33550,34800,136240,0.03571428571428581
2017-10-27,35100,35900,34750,35000,118411,0.005747126436781658
2017-10-30,35200,35700,35000,35050,39077,0.0014285714285713347
2017-10-31,35100,35450,34900,35250,61640,0.005706134094151105
2017-11-01,35500,35550,34050,34050,140206,-0.03404255319148941
2017-11-02,34100,34250,32000,32350,311469,-0.04992657856093985
2017-11-03,32700,33000,32100,32900,160482,0.01700154559505407
2017-11-06,32950,33200,32350,32950,122003,0.001519756838905817
2017-11-07,33000,34200,32550,34100,151421,0.03490136570561453
2017-11-08,34100,34400,33450,33850,128993,-0.007331378299120228
2017-11-09,34000,34100,33500,33850,82491,0.0
2017-11-10,34200,34250,33500,33850,67363,0.0
2017-11-13,33950,34150,33800,33850,50502,0.0
2017-11-14,33850,33900,33250,33750,64172,-0.002954209748892156
2017-11-15,33800,34000,33400,33400,83556,-0.010370370370370363
2017-11-16,33400,33950,33200,33800,35897,0.011976047904191711
2017-11-17,34250,35600,34100,35500,225143,0.050295857988165604
2017-11-20,35750,36700,35050,36400,155031,0.025352112676056304
2017-11-21,36100,36750,35000,35250,103454,-0.03159340659340659
2017-11-22,35450,35650,34550,34900,79418,-0.009929078014184411
2017-11-23,35150,36200,34950,36200,95483,0.0372492836676217
2017-11-24,36450,36450,35600,35800,79065,-0.011049723756906049
2017-11-27,36300,36300,35050,35550,69818,-0.006983240223463638
2017-11-28,35550,37800,35550,37500,253015,0.05485232067510548
2017-11-29,38050,38650,37750,38200,228421,0.01866666666666661
2017-11-30,38450,38450,36350,36800,121685,-0.03664921465968585
2017-12-01,36800,37100,35600,36450,56600,-0.009510869565217406
2017-12-04,36400,36500,35700,36000,63049,-0.012345679012345734
2017-12-05,36200,36300,35200,36000,58264,0.0
2017-12-06,35750,36300,35400,35550,60975,-0.012499999999999956
2017-12-07,35400,35700,34700,35150,57404,-0.011251758087201136
2017-12-08,34950,35200,33950,35050,93692,-0.002844950213371278
2017-12-11,35150,35200,34100,34250,72677,-0.022824536376604865
2017-12-12,34550,34600,33550,34000,63289,-0.007299270072992692
2017-12-13,34000,35350,33800,35150,81986,0.03382352941176481
2017-12-14,35250,36350,34700,35800,82696,0.01849217638691325
2017-12-15,35800,35950,35150,35800,37636,0.0
2017-12-18,35650,35650,35050,35050,29371,-0.020949720670391025
2017-12-19,35050,35400,34650,35150,54643,0.0028530670470756636
2017-12-20,35150,36000,34700,36000,58676,0.024182076813655806
2017-12-21,35900,35900,35100,35550,53371,-0.012499999999999956
2017-12-22,35450,35500,34750,35500,34647,-0.0014064697609000865
2017-12-26,35500,36000,35250,35500,32542,0.0
2017-12-27,35300,35550,34900,35350,20667,-0.004225352112676051
2017-12-28,35700,35700,34900,35350,24618,0.0
2018-01-02,35400,36800,35150,36800,89461,0.04101838755304099
2018-01-03,36800,36800,35700,36000,62075,-0.021739130434782594
2018-01-04,35700,35800,34350,34900,85178,-0.030555555555555558
2018-01-05,34900,35000,33950,34400,91994,-0.014326647564469885
2018-01-08,34450,35150,34450,35000,48612,0.01744186046511631
2018-01-09,35000,35050,34250,34400,41583,-0.017142857142857126
2018-01-10,34450,34600,34150,34300,41070,-0.0029069767441860517
2018-01-11,34350,34950,33650,34950,98435,0.01895043731778423
2018-01-12,34600,35000,34200,34350,53465,-0.01716738197424894
2018-01-15,34350,35000,34150,34900,63973,0.01601164483260553
2018-01-16,35400,36400,35150,35600,154916,0.02005730659025784
2018-01-17,35600,35600,34800,35400,66697,-0.005617977528089901
2018-01-18,35400,35600,34750,34750,83471,-0.01836158192090398
2018-01-19,34850,35300,34750,35100,75863,0.010071942446043147
2018-01-22,35200,35250,34750,34850,47032,-0.007122507122507171
2018-01-23,34850,35150,34800,34950,29669,0.0028694404591105283
2018-01-24,35300,38400,35250,38200,308594,0.09298998569384831
2018-01-25,38500,38550,37650,38350,163070,0.003926701570680535
2018-01-26,38050,39550,38050,39300,248486,0.024771838331160367
2018-01-29,39500,40350,38950,39350,175698,0.0012722646310432406
2018-01-30,39250,39950,38050,38500,111381,-0.021601016518424387
2018-01-31,38550,39400,38500,38600,84375,0.0025974025974024872
2018-02-01,39250,39300,38600,39000,46457,0.010362694300518172
2018-02-02,39000,39400,38800,39100,70713,0.002564102564102555
2018-02-05,37900,38700,37200,38150,82433,-0.024296675191815886
2018-02-06,36400,40000,36350,38850,253221,0.0183486238532109
2018-02-07,40400,41550,39200,39400,256116,0.014157014157014203
2018-02-08,40400,40900,39750,40650,176255,0.031725888324873
2018-02-09,39600,44000,39450,43750,426207,0.07626076260762615
2018-02-12,43950,45200,43750,43750,241032,0.0
2018-02-13,45250,45250,42500,43000,149168,-0.017142857142857126
2018-02-14,43000,44250,41800,42750,136086,-0.005813953488372103
2018-02-19,43750,44050,42750,43100,122262,0.008187134502924076
2018-02-20,42900,43550,42200,42500,68514,-0.0139211136890951
2018-02-21,43150,43150,42050,42500,41989,0.0
2018-02-22,42500,43950,42100,42200,129549,-0.007058823529411784
2018-02-23,42250,43700,41800,43500,96469,0.0308056872037914
2018-02-26,44350,44400,42150,43050,92512,-0.010344827586206917
2018-02-27,43150,43450,42200,42750,74655,-0.006968641114982632
2018-02-28,43000,43800,41050,43800,90370,0.024561403508772006
2018-03-02,42100,43350,42100,42250,60009,-0.035388127853881235
2018-03-05,42200,42250,41000,41300,47195,-0.022485207100591764
2018-03-06,41300,41850,41000,41250,43071,-0.001210653753026647
2018-03-07,41300,41850,39800,39950,103051,-0.031515151515151496
2018-03-08,40500,40550,39300,39550,116528,-0.010012515644555742
2018-03-09,40500,42950,40150,42950,139919,0.08596713021491786
2018-03-12,43300,43300,41500,42250,97700,-0.016298020954598424
2018-03-13,42100,42250,41200,41600,54346,-0.01538461538461533
2018-03-14,41550,41550,40600,41500,36656,-0.0024038461538461453
2018-03-15,41150,42650,40950,42300,74168,0.01927710843373487
2018-03-16,42350,43000,41850,43000,95209,0.016548463356973908
2018-03-19,43300,43500,42250,43300,53340,0.006976744186046435
2018-03-20,43150,43150,41650,42150,75750,-0.026558891454965372
2018-03-21,42200,43550,41600,43350,116212,0.028469750889679624
2018-03-22,43750,43800,42850,43100,56349,-0.005767012687427964
2018-03-23,42950,42950,40900,41400,58389,-0.03944315545243615
2018-03-26,41400,42750,40700,41700,65090,0.007246376811594235
2018-03-27,42300,42450,41500,41500,50672,-0.004796163069544335
2018-03-28,41500,42700,41350,41800,33274,0.0072289156626506035
2018-03-29,41900,44750,41900,44750,167517,0.07057416267942584
2018-03-30,44800,47450,44800,47100,236595,0.052513966480446816
2018-04-02,47850,50100,46100,47800,232553,0.014861995753715496
2018-04-03,47300,48850,47100,48700,117046,0.01882845188284521
2018-04-04,49400,50000,46800,49000,135399,0.006160164271047153
2018-04-05,49200,49500,47900,48250,84131,-0.015306122448979553
2018-04-06,47900,49300,47450,48250,55265,0.0
2018-04-09,48250,48300,46750,47400,120552,-0.01761658031088087
2018-04-10,47400,49550,46950,48350,132612,0.020042194092827037
2018-04-11,47950,48650,47350,47950,64839,-0.008273009307135482
2018-04-12,47750,48100,45550,45800,110786,-0.044838373305526535
2018-04-13,47200,47200,45550,47150,72254,0.029475982532751077
2018-04-16,47050,48550,45700,48550,142749,0.02969247083775195
2018-04-17,48550,49000,47500,47900,80149,-0.013388259526261548
2018-04-18,48550,48550,47350,47750,52825,-0.0031315240083507057
2018-04-19,47650,47750,46300,46400,95359,-0.028272251308900542
2018-04-20,46900,48700,46450,48050,109782,0.0355603448275863
2018-04-23,48200,48200,46800,47000,72002,-0.02185223725286156
2018-04-24,47300,47950,47150,47400,50955,0.008510638297872353
2018-04-25,47050,48600,46500,48150,69978,0.015822784810126667
2018-04-26,47800,48500,47200,47500,48122,-0.01349948078920038
2018-04-27,47600,48300,47300,47800,35045,0.006315789473684275
2018-04-30,47800,48950,47650,48950,75928,0.024058577405857706
2018-05-02,49000,49050,48200,48800,62553,-0.003064351378958108
2018-05-03,48550,48750,47550,47800,61819,-0.020491803278688492
2018-05-04,47900,50700,47900,49700,173031,0.03974895397489542
2018-05-08,51000,51100,48350,48900,139574,-0.01609657947686116
2018-05-09,50300,52000,49400,50400,248736,0.030674846625766916
2018-05-10,50600,51400,48300,48600,200807,-0.0357142857142857
2018-05-11,48950,50000,48600,49250,114575,0.01337448559670773
2018-05-14,48600,49200,48100,48400,99506,-0.017258883248730927
2018-05-15,48900,49300,48100,48900,78748,0.010330578512396604
2018-05-16,48800,49200,48000,48900,68753,0.0
2018-05-17,48900,49250,47550,47600,86235,-0.026584867075664653
2018-05-18,47500,48050,47000,47400,76972,-0.004201680672268893
2018-05-21,47500,47500,46650,47200,74117,-0.00421940928270037
2018-05-23,47350,48150,46300,47200,130961,0.0
2018-05-24,47500,49350,47100,49100,134105,0.0402542372881356
2018-05-25,49100,49200,48000,49000,81106,-0.0020366598778004397
2018-05-28,49050,51300,48750,51000,163522,0.04081632653061229
2018-05-29,51100,51200,49400,50000,96896,-0.019607843137254943
2018-05-30,50100,50800,49500,50200,70483,0.0040000000000000036
2018-05-31,50800,51300,49000,51000,166476,0.015936254980079667
2018-06-01,51000,51800,49500,50000,84247,-0.019607843137254943
2018-06-04,49300,50500,49300,50100,45684,0.0020000000000000018
2018-06-05,50500,51600,49350,50800,123845,0.013972055888223478
2018-06-07,51400,52000,50500,50600,85562,-0.003937007874015741
2018-06-08,50700,51200,49750,50500,71379,-0.0019762845849802257
2018-06-11,50600,50900,49400,49500,62797,-0.01980198019801982
2018-06-12,49550,51700,49550,50800,148560,0.02626262626262621
2018-06-14,50600,51000,49500,50700,70852,-0.0019685039370078705
2018-06-15,50700,50700,48350,49150,159617,-0.030571992110453694
2018-06-18,48250,49150,45400,46550,146155,-0.0528992878942014
2018-06-19,46450,46450,43550,43550,258143,-0.06444683136412455
2018-06-20,43500,45300,43500,44800,186492,0.028702640642939148
2018-06-21,44900,45050,42400,42850,247858,-0.0435267857142857
2018-06-22,42600,43450,41050,42400,162243,-0.010501750291715295
2018-06-25,42900,45000,42200,43800,99573,0.03301886792452824
2018-06-26,43200,43750,42450,43200,58515,-0.013698630136986356
2018-06-27,43200,43200,41400,41950,194362,-0.02893518518518523
2018-06-28,41400,41600,40050,40400,156307,-0.03694874851013108
2018-06-29,40900,42750,40500,42050,130988,0.04084158415841577
2018-07-02,42450,42450,40300,40300,94407,-0.041617122473246115
2018-07-03,41300,41900,40750,41250,77238,0.023573200992555776
2018-07-04,40650,42700,40650,42450,95024,0.029090909090909056
2018-07-05,42100,42700,41100,41300,92809,-0.027090694935217874
2018-07-06,41300,41600,40150,41000,144586,-0.007263922518159771
2018-07-09,41350,42700,41250,42200,93290,0.029268292682926855
2018-07-10,42700,44600,42650,44000,186391,0.042654028436019065
2018-07-11,43350,46500,42700,45900,175503,0.04318181818181821
2018-07-12,46500,47950,46000,46400,170140,0.01089324618736387
2018-07-13,46650,47100,45500,45850,62259,-0.0118534482758621
2018-07-16,45900,47000,44300,44300,97024,-0.03380588876772084
2018-07-17,44350,47500,44350,46200,261559,0.04288939051918739
2018-07-18,46250,46450,43600,43850,148965,-0.050865800865800836
2018-07-19,44000,44300,42350,43450,123830,-0.009122006841505104
2018-07-20,42800,43750,42700,43650,76762,0.004602991944764101
2018-07-23,43550,44000,41550,42250,115696,-0.032073310423825885
2018-07-24,42100,43150,41850,42950,107709,0.016568047337278013
2018-07-25,42500,43200,42500,42800,59921,-0.0034924330616996624
2018-07-26,43350,43850,43350,43600,51317,0.01869158878504673
2018-07-27,43700,43700,42600,43650,33848,0.0011467889908256534
2018-07-30,43450,43800,42200,42400,70706,-0.02863688430698741
2018-07-31,42100,43300,41800,42450,48540,0.001179245283018826
2018-08-01,43100,43250,42700,42900,47014,0.010600706713780994
2018-08-02,42950,43600,42100,42350,50520,-0.012820512820512775
2018-08-03,42400,42450,41700,42250,48862,-0.0023612750885477762
2018-08-06,42250,42400,41550,41600,55638,-0.01538461538461533
2018-08-07,41600,43350,40900,41600,164683,0.0
2018-08-08,41650,42500,40900,41400,161094,-0.004807692307692291
2018-08-09,41500,41550,40850,40950,103686,-0.010869565217391353
2018-08-10,40950,41250,40200,40200,125598,-0.01831501831501836
2018-08-13,40050,40050,38250,38700,134758,-0.03731343283582089
2018-08-14,38250,39200,38200,38450,119044,-0.006459948320413411
2018-08-16,37800,39500,37050,39450,105124,0.026007802340702213
2018-08-17,39950,40950,39450,40600,140461,0.0291508238276299
2018-08-20,40600,40600,39800,39850,62902,-0.018472906403940836
2018-08-21,39850,40300,39300,39500,76425,-0.008782936010037656
2018-08-22,39550,39700,38450,38600,67805,-0.02278481012658229
2018-08-23,38600,39400,38600,39350,89094,0.01943005181347157
2018-08-24,39350,39900,38900,39800,59845,0.011435832274459878
2018-08-27,39900,40200,39150,40100,74901,0.007537688442211143
2018-08-28,40200,40550,39800,40100,71649,0.0
2018-08-29,40100,40100,39850,40000,47331,-0.0024937655860348684
2018-08-30,40150,40150,38500,38650,232579,-0.03374999999999995
2018-08-31,38700,39100,38550,39100,87213,0.011642949547218562
2018-09-03,39400,39700,39100,39450,76412,0.008951406649616356
2018-09-04,39300,39600,39100,39550,43570,0.0025348542458809575
2018-09-05,39500,39500,39000,39350,47649,-0.005056890012642201
2018-09-06,39050,39250,38350,38600,123252,-0.019059720457433316
2018-09-07,38500,39100,38400,38850,54810,0.006476683937823857
2018-09-10,38900,39000,37000,37100,227616,-0.04504504504504503
2018-09-11,37500,38500,37300,38250,117301,0.030997304582210283
2018-09-12,38000,39200,37450,38350,87952,0.002614379084967311
2018-09-13,38250,38550,38050,38250,66016,-0.0026075619295958807
2018-09-14,38600,38650,38100,38200,43370,-0.0013071895424836555
2018-09-17,38200,38350,37300,37600,52018,-0.015706806282722474
2018-09-18,37600,37850,37200,37200,62781,-0.010638297872340385
2018-09-19,37350,38100,37300,37900,41386,0.018817204301075252
2018-09-20,37950,37950,37200,37350,64261,-0.014511873350923521
2018-09-21,37400,37800,37350,37500,21839,0.004016064257028162
2018-09-27,37500,37800,36850,36900,75246,-0.016000000000000014
2018-09-28,36950,37500,36600,37500,81596,0.016260162601626105
2018-10-01,37500,37600,36500,36700,75396,-0.021333333333333315
2018-10-02,36100,36600,35000,35500,133211,-0.032697547683923744
2018-10-04,35500,35900,34700,35550,70800,0.0014084507042253502
2018-10-05,35400,35900,34250,35550,81568,0.0
2018-10-08,35300,35500,34500,34800,43456,-0.021097046413502074
2018-10-10,34200,34450,32900,33150,95827,-0.04741379310344829
2018-10-11,32600,32600,31150,31600,114188,-0.04675716440422317
2018-10-12,30950,32000,30900,31700,156980,0.0031645569620253333
2018-10-15,31900,32000,30400,30750,114742,-0.029968454258675115
2018-10-16,30450,31400,30400,31350,72008,0.019512195121951237
2018-10-17,31750,31750,30800,31200,45585,-0.004784688995215336
2018-10-18,31000,31600,30800,31300,64985,0.0032051282051281937
2018-10-19,31000,32800,30950,32750,91612,0.0463258785942493
2018-10-22,33050,33150,32050,32500,76262,-0.007633587786259555
2018-10-23,32800,32850,31550,31600,65666,-0.027692307692307683
2018-10-24,31850,33150,31850,32950,134345,0.04272151898734178
2018-10-25,31800,32150,31300,32150,102105,-0.02427921092564489
2018-10-26,32150,32300,30050,30950,112919,-0.03732503888024885
2018-10-29,30100,30950,28500,28800,97570,-0.06946688206785134
2018-10-30,27600,29850,27600,29400,86568,0.02083333333333326
2018-10-31,29400,31850,29400,30750,92051,0.04591836734693877
2018-11-01,31500,32650,30900,31650,94019,0.029268292682926855
2018-11-02,32500,34400,32450,33500,190368,0.05845181674565558
2018-11-05,33850,33950,32450,33150,66022,-0.010447761194029903
2018-11-06,33150,35550,32800,34850,173116,0.05128205128205132
2018-11-07,35850,36600,35100,35800,202220,0.027259684361549574
2018-11-08,36250,37200,34850,35300,129217,-0.013966480446927387
2018-11-09,35200,36000,33850,35950,146129,0.018413597733710985
2018-11-12,35350,36100,35000,36100,63399,0.004172461752433909
2018-11-13,35700,35800,34850,35200,53878,-0.024930747922437657
2018-11-14,36650,38000,36650,37000,275802,0.051136363636363535
2018-11-15,37000,38500,35600,38400,125918,0.037837837837837895
2018-11-16,38400,38400,36450,37350,124592,-0.02734375
2018-11-19,36800,37450,35800,36100,138133,-0.03346720214190091
2018-11-20,36000,36300,34900,35300,145798,-0.02216066481994461
2018-11-21,36300,37100,35900,36200,217340,0.025495750708215192
2018-11-22,35900,37100,35900,36700,103316,0.013812154696132506
2018-11-23,37000,38400,35800,38150,152949,0.03950953678474112
2018-11-26,38750,39600,38500,39100,184577,0.02490170380078638
2018-11-27,39300,39450,37400,38650,192788,-0.011508951406649648
2018-11-28,38900,38900,37450,37650,101917,-0.02587322121604141
2018-11-29,38400,39100,37700,39100,142042,0.038512616201859196
2018-11-30,38800,39100,38150,38700,58806,-0.010230179028132946
2018-12-03,38700,38900,37350,37850,90780,-0.021963824289405687
2018-12-04,37500,37700,36650,37400,124557,-0.011889035667106973
2018-12-05,36850,36950,36300,36650,44465,-0.020053475935828846
2018-12-06,36700,36900,35750,35800,57525,-0.023192360163710735
2018-12-07,36500,36950,36150,36300,46123,0.013966480446927276
2018-12-10,36200,36300,33800,34650,130003,-0.045454545454545414
2018-12-11,35250,35250,34100,34100,55675,-0.015873015873015928
2018-12-12,34250,35000,34250,34550,44594,0.01319648093841641
2018-12-13,34600,35450,34500,35050,40230,0.01447178002894356
2018-12-14,35200,35300,33850,34200,42292,-0.024251069900142697
2018-12-17,34000,34250,32800,33000,119521,-0.03508771929824561
2018-12-18,32850,33550,32650,33000,93903,0.0
2018-12-19,34000,34700,33700,34600,176305,0.048484848484848575
2018-12-20,34300,36000,33550,35600,143184,0.028901734104046284
2018-12-21,35900,35900,34750,35150,78454,-0.012640449438202195
2018-12-24,35000,35000,33750,34100,75875,-0.02987197724039825
2018-12-26,33450,34150,33200,34100,67150,0.0
2018-12-27,34100,34500,33550,34200,39827,0.0029325513196480912
2018-12-28,34200,34450,33300,33550,75981,-0.01900584795321636
2019-01-02,33600,33950,33250,33850,66290,0.008941877794336861
2019-01-03,33300,33700,31300,32200,134164,-0.048744460856720795
2019-01-04,32000,32000,31050,31350,159497,-0.026397515527950333
2019-01-07,31350,33750,31100,33600,152668,0.0717703349282297
2019-01-08,33800,34350,32550,33550,44549,-0.0014880952380952328
2019-01-09,33600,34200,33600,34000,35603,0.013412816691505292
2019-01-10,33450,33950,32950,33150,79706,-0.025000000000000022
2019-01-11,33200,33800,32900,33800,58638,0.019607843137254832
2019-01-14,33600,33750,33050,33650,58796,-0.004437869822485174
2019-01-15,33250,33500,33050,33350,65156,-0.008915304606240682
2019-01-16,33100,33450,32750,32900,85850,-0.013493253373313308
2019-01-17,32600,33100,32400,32600,79808,-0.00911854103343468
2019-01-18,32550,32800,32050,32150,76028,-0.013803680981595123
2019-01-21,32050,32300,31850,32000,78012,-0.004665629860031051
2019-01-22,32050,32350,32000,32000,41634,0.0
2019-01-23,32300,32550,32100,32350,41776,0.010937500000000044
2019-01-24,32400,33300,32350,33100,81756,0.023183925811437467
2019-01-25,33300,33350,32650,33000,59294,-0.0030211480362537513
2019-01-28,33300,33300,32600,32750,64447,-0.007575757575757569
2019-01-29,32750,32800,32050,32250,70083,-0.01526717557251911
2019-01-30,32050,32950,32050,32600,47764,0.010852713178294504
2019-01-31,32900,33050,32450,32750,68037,0.004601226993865115
2019-02-01,32950,33050,32650,32850,59970,0.003053435114503733
2019-02-07,32850,33250,32550,33150,55681,0.009132420091324311
2019-02-08,33150,33200,32600,32850,43605,-0.009049773755656076
2019-02-11,32950,32950,32550,32750,25440,-0.0030441400304414
2019-02-12,32750,33000,32300,32900,56586,0.004580152671755711
2019-02-13,32900,34250,32700,33950,186953,0.03191489361702127
2019-02-14,34200,34550,33650,34000,76885,0.0014727540500736325
2019-02-15,34000,34100,33300,33500,71834,-0.014705882352941124
2019-02-18,33800,34050,33350,33800,66534,0.008955223880596996
2019-02-19,34250,35800,34150,35600,292814,0.053254437869822535
2019-02-20,35600,36150,34850,35800,190913,0.00561797752808979
2019-02-21,35800,37300,35050,36850,153263,0.029329608938547524
2019-02-22,37100,37400,36550,37000,152316,0.004070556309362372
2019-02-25,37350,37500,36350,37200,128532,0.00540540540540535
2019-02-26,37750,39400,37600,38650,339006,0.03897849462365599
2019-02-27,38650,39200,37750,38550,136292,-0.002587322121604174
2019-02-28,38550,39050,37750,37750,120504,-0.02075226977950717
2019-03-04,37850,39350,37850,39200,155729,0.038410596026489996
2019-03-05,38750,39200,37550,38100,125927,-0.028061224489795866
2019-03-06,37550,37750,36650,37000,137634,-0.02887139107611547
2019-03-07,36700,38400,36550,38200,112995,0.03243243243243232
2019-03-08,37800,38750,37050,38000,121022,-0.005235602094240788
2019-03-11,38400,38450,36900,38400,102472,0.010526315789473717
2019-03-12,38400,38400,37100,38000,96691,-0.01041666666666663
2019-03-13,37900,37900,36600,36700,75362,-0.03421052631578947
2019-03-14,36300,37800,36200,37800,103171,0.02997275204359684
2019-03-15,37400,38350,36800,38300,97812,0.013227513227513255
2019-03-18,39200,40150,39150,39400,278528,0.02872062663185382
2019-03-19,39400,40200,38900,38900,128561,-0.012690355329949221
2019-03-20,39900,40750,38700,40200,236896,0.033419023136246784
2019-03-21,39950,39950,38200,39450,132413,-0.018656716417910446
2019-03-22,39400,40450,38700,40300,98523,0.02154626108998725
2019-03-25,39850,40150,39150,39350,52006,-0.023573200992555776
2019-03-26,39800,39800,38500,38850,84839,-0.01270648030495558
2019-03-27,38900,40000,38800,39100,79155,0.006435006435006496
2019-03-28,39100,39300,37950,38450,52407,-0.01662404092071612
2019-03-29,39400,39900,38350,39550,53973,0.02860858257477239
2019-04-01,39500,40300,38650,40050,59115,0.012642225031605614
2019-04-02,39950,40400,38950,39050,78838,-0.024968789013732784
2019-04-03,38700,39450,38600,39050,68099,0.0
2019-04-04,39050,39300,38550,38700,74277,-0.008962868117797673
2019-04-05,38900,39200,38500,38600,41402,-0.0025839793281653423
2019-04-08,39100,39150,38700,38700,34658,0.002590673575129543
2019-04-09,38250,38950,38250,38550,67968,-0.003875968992248069
2019-04-10,38550,39500,38300,39350,76344,0.02075226977950706
2019-04-11,39650,40500,39050,39150,119906,-0.0050825921219822545
2019-04-12,39650,46000,39200,41200,994491,0.0523627075351214
2019-04-15,42000,47000,41000,42300,1129763,0.02669902912621369
2019-04-16,42800,42800,39700,39950,381557,-0.05555555555555558
2019-04-17,39700,41250,39700,40400,207180,0.01126408010012514
2019-04-18,41200,41500,39950,40700,112568,0.007425742574257432
2019-04-19,40900,42500,40900,41400,193124,0.017199017199017286
2019-04-22,42000,42200,39800,39900,121365,-0.036231884057971064
2019-04-23,39950,40000,38500,39100,162538,-0.020050125313283207
2019-04-24,39100,39300,38550,39050,86043,-0.0012787723785165905
2019-04-25,39200,39200,38650,39200,73556,0.003841229193341844
2019-04-26,38750,39300,38500,39100,55737,-0.0025510204081632404
2019-04-29,39100,39900,39100,39900,50265,0.020460358056265893
2019-04-30,40000,41150,39500,40850,104109,0.023809523809523725
2019-05-02,41800,41800,40700,40700,127939,-0.003671970624234966
2019-05-03,42200,42650,39800,40700,214614,0.0
2019-05-07,40000,42000,39850,40300,135281,-0.009828009828009798
2019-05-08,40300,40350,38700,38700,191420,-0.03970223325062039
2019-05-09,38100,38650,37100,37100,159521,-0.04134366925064603
2019-05-10,36850,38050,36850,37250,79065,0.0040431266846361336
2019-05-13,36700,38400,36450,37700,84151,0.012080536912751683
2019-05-14,36850,38100,36850,37900,42214,0.0053050397877985045
2019-05-15,38250,38250,37200,37350,56510,-0.014511873350923521
2019-05-16,37350,37650,37200,37200,21688,-0.004016064257028162
2019-05-17,37250,37950,36050,36300,47739,-0.024193548387096753
2019-05-20,36300,36800,35000,35300,105523,-0.02754820936639113
2019-05-21,35300,35300,34000,34450,112394,-0.024079320113314484
2019-05-22,34900,35250,34500,34800,63075,0.010159651669085612
2019-05-23,35400,35650,34000,34350,74430,-0.012931034482758674
